metro,StateName,zhvi,median_sale_price,sales_count,new_con_sales_count,new_con_median_sale_price,zhvi_yoy_growth,median_sale_price_yoy_growth,sales_count_yoy_growth,new_con_sales_yoy_growth,new_con_price_premium,new_con_share_of_sales,cluster
"Abilene, TX",TX,202082.35946803863,252500.0,192.07692307692307,45.61538461538461,273009.1153846154,0.6586584895681177,4.913783007698042,23.544810066470273,68.65617514768618,1.1325098470256518,0.23686694447002915,0
"Albany, NY",NY,350212.22877222515,325000.0,662.3076923076923,44.92307692307692,643901.2307692308,4.237813754336935,5.699660631373437,3.6009871213308227,10.172207586557354,1.9456855217949638,0.06943564024333418,1
"Albuquerque, NM",NM,341890.9030576893,340000.0,732.0769230769231,80.53846153846153,405532.26923076925,2.23299103664792,2.0548385495499137,2.333310708877116,-5.667514110010503,1.156273230574723,0.11023375976460628,2
"Allentown, PA",PA,348992.0330537998,326875.0,934.0,58.61538461538461,496403.6153846154,3.5781135720544013,6.61338938945561,-3.5703037902405317,-18.736855235027015,1.5141724213050742,0.0631670396931055,1
"Ann Arbor, MI",MI,404020.1489328061,360000.0,326.38461538461536,32.07692307692308,527501.6666666666,2.353294517305041,3.387916279877375,7.223359662395656,15.921708500161087,1.3948305249017274,0.10382232359654762,1
"Appleton, WI",WI,332928.810484597,287500.0,198.07692307692307,32.53846153846154,413181.53846153844,6.478707814925045,4.063571873291721,13.046782192298847,10.885341816983921,1.3757365805036603,0.16670356133475056,1
"Asheville, NC",NC,416459.028863373,423000.0,522.6923076923077,86.84615384615384,467448.13269230764,-0.42711071765316405,-0.9865176132446666,9.705931454708098,-11.419467348170105,1.0767422896106251,0.16863798237655006,2
"Atlanta, GA",GA,376472.1128935027,364000.0,6632.461538461538,1092.0,427141.96153846156,-2.042068662370861,1.2879306409974058,-1.4937666880505787,-20.04705271321785,1.1566036740409347,0.16644757652370964,2
"Auburn, AL",AL,340107.00003274664,323000.0,176.30769230769232,88.6923076923077,397461.0,3.255571686878962,5.760122001993233,7.444829009380807,-1.6166249292165469,1.2272608848943583,0.5026332519731339,0
"Augusta, GA",GA,241604.483627304,260000.0,702.6923076923077,220.30769230769232,323436.46153846156,1.01972174133623,3.004555521271146,1.2601481091827809,-4.4437499577133925,1.3274533018708752,0.31293555360250774,0
"Austin, TX",TX,426643.3299457354,440000.0,1728.8461538461538,854.8461538461538,393702.73076923075,-5.166897970174081,0.013567471684009598,2.441086808411763,-7.268930323182625,0.8580365819233735,0.5035225740830149,0
"Bakersfield, CA",CA,358135.7470137657,350000.0,646.4615384615385,108.15384615384616,441843.8461538461,1.8708334625768956,2.5483676958116694,-0.5142374822399909,-11.105145675161697,1.2572075803353586,0.16903652738142044,1
"Baltimore, MD",MD,393896.25416512537,355000.0,2939.846153846154,213.0,563326.3461538461,2.1309202080852603,4.39217487273453,-1.1337157173680283,-6.67536321624702,1.5183416011551176,0.07329075020719249,1
"Baton Rouge, LA",LA,240561.32869609407,239000.0,735.6923076923077,140.30769230769232,296136.1923076923,0.41313538852032655,2.3061239760244185,5.332441399948021,-16.584115822807473,1.2115054926353108,0.19133394897680706,2
"Bellingham, WA",WA,605708.0040146392,525000.0,227.23076923076923,33.38461538461539,640536.8846153846,2.19690739210697,-0.7409588781387104,0.3399659842269966,7.795724730703668,1.0911355651735672,0.14927719393189062,0
"Bend, OR",OR,660595.1305391573,711462.0,334.15384615384613,70.15384615384616,645240.3076923077,-1.3666346440718071,3.5533254044809226,15.769239801296873,-18.556099849599754,0.9281946882571117,0.21994184814442425,2
"Birmingham, AL",AL,254913.1191765653,235719.0,1434.0,191.84615384615384,346338.8461538461,0.2600601347081929,9.754791071827254,-3.9593890128109828,-9.588347563783252,1.4117436331999624,0.13420789848904285,1
"Boise City, ID",ID,485228.73655967944,459000.0,801.9230769230769,507.7692307692308,505437.3076923077,0.9826257004330964,1.2668767125697602,9.670472975372016,6.931914613031413,1.049044667943536,0.6483937178182495,0
"Boston, MA",MA,712682.5945261862,675000.0,3922.6153846153848,286.0769230769231,913367.1923076923,2.3836361638429855,4.6511159871121786,5.27829129983409,-7.3312110447365075,1.3336254350007881,0.07640778384984268,1
"Bremerton, WA",WA,572692.6179963993,510000.0,281.7692307692308,59.76923076923077,657288.8461538461,1.7462441112365579,1.9674113884890725,3.9096015401757835,-48.200889085194675,1.2375495129934604,0.22325771813627085,2
"Cape Coral, FL",FL,340227.44891249057,385000.0,1379.6923076923076,499.38461538461536,354798.46153846156,-8.943552508760655,-3.5436067862198706,4.829012600713172,-11.641730780045899,0.9672090720332741,0.3627459238296301,2
"Cedar Rapids, IA",IA,232340.33421005736,219500.0,287.15384615384613,27.307692307692307,378855.2272727273,3.375326629557804,3.2151257504093356,7.456835399345453,-8.09150894617989,1.7623150072866354,0.0933688182210321,1
"Charleston, SC",SC,427301.70255503774,440000.0,1136.7692307692307,370.2307692307692,419632.03846153844,0.2922298947248825,4.021914738140941,3.4484469312669015,-5.646829928124826,0.9399186483757827,0.3309797353714714,0
"Charlotte, NC",NC,382311.4206917132,375000.0,3037.923076923077,877.5384615384615,421586.1153846154,-0.14516956595682212,2.9077173645928784,2.985417648984989,-13.34392483172685,1.0780791109900467,0.2911201028343106,2
"Charlottesville, VA",VA,457089.41467533336,409200.0,237.07692307692307,49.84615384615385,484360.0,2.713129156897594,4.149588085849657,1.5188557782605503,-0.004523938641240805,1.0786443798868919,0.22052076834022288,0
"Chattanooga, TN",TN,314962.15183823433,295000.0,678.8461538461538,127.3076923076923,418843.6153846154,0.7879166389810609,3.7382251058128917,-4.19000740960377,-5.948385388319705,1.3704916311708861,0.18798962770461977,1
"Chicago, IL",IL,336962.70356229786,315000.0,8005.0,502.84615384615387,462102.9423076923,4.029795136141142,5.486897367095959,1.16100554495206,-0.5381245730316825,1.4290408656958347,0.06438911570764817,1
"Chico, CA",CA,396259.9339621824,360000.0,167.23076923076923,29.23076923076923,431837.6923076923,0.3881561766435162,0.1731106725771857,8.951535350816487,-3.3921957544157175,1.121652122613911,0.18074238965385286,2
"Cincinnati, OH",OH,298744.12152975047,254900.0,2297.076923076923,173.92307692307693,428539.8076923077,3.3884647227337115,5.6130757025326306,1.054554283931081,-0.18232639471090578,1.590205569638845,0.0772085535677361,1
"Clarksville, TN",TN,289340.34942288627,276495.0,465.61538461538464,138.0,355679.8076923077,0.6344341050316824,3.3404282621293646,-1.6579531895546216,0.8852532632352703,1.22949493597911,0.29652959284240793,0
"Cleveland, TN",TN,301516.6912822164,269900.0,147.92307692307693,45.84615384615385,330418.8461538461,1.4013845083350573,2.9111904942992632,-0.46911244706575866,1.7663325580975455,1.1655271157931226,0.3114734620993137,0
"Coeur d'Alene, ID",ID,584144.7147580809,575000.0,199.69230769230768,76.15384615384616,586307.0,1.3568090857180555,4.560709318519473,11.915083042090917,-6.200147713643114,1.033950125131067,0.3983204638442684,0
"College Station, TX",TX,301929.416111446,315000.0,204.69230769230768,71.3076923076923,327603.1153846154,0.6593450050225841,0.5680503533213366,5.2328430105645225,-3.503242453268432,1.0457457186936767,0.3514544410207179,0
"Colorado Springs, CO",CO,453303.8147996518,440000.0,880.2307692307693,130.84615384615384,519544.6923076923,-1.4090845468961495,0.9384683656580013,0.4571858580127498,-11.15939694686035,1.1522090379723613,0.14925036282588075,2
"Columbia, SC",SC,249518.32561044305,260000.0,962.1538461538462,243.92307692307693,288512.42307692306,1.5628134996773275,4.86239046008813,0.3968135137841153,2.499407523098387,1.1222995519202668,0.2521628850616898,0
"Columbus, GA",GA,202768.4142755812,215500.0,309.0,35.38461538461539,402250.8076923077,3.1140301990965087,8.875327010981826,-11.585233756581964,12.57141647888677,1.8995072008499165,0.1173904589648811,1
"Columbus, OH",OH,321326.04987376195,295000.0,1878.923076923077,215.15384615384616,487748.73076923075,1.986353856916072,4.780659488597352,-0.6232753798546248,-10.064538868486368,1.6738544786416274,0.11586056044776835,1
"Corpus Christi, TX",TX,217975.96262072364,250000.0,311.15384615384613,76.61538461538461,293980.96153846156,-2.348923902997955,1.5423237350706958,-1.0302676719988269,35.604599525716125,1.1191916991173356,0.2485810035175315,0
"Crestview, FL",FL,433300.46828137344,442500.0,580.0,149.23076923076923,396731.92307692306,-3.7493699927081106,2.8943931110887724,8.343978192796795,-3.8431533088034966,0.8789461759893071,0.2563747990201731,2
"Dallas, TX",TX,362719.8536046013,370000.0,5914.923076923077,2109.153846153846,390399.3461538461,-2.88451180983398,-0.5056879439508457,-0.030820911826169937,4.494322287586958,1.0119839032758384,0.3595075526815779,0
"Daphne, AL",AL,365107.84614503087,390000.0,463.84615384615387,153.07692307692307,348652.6153846154,-0.26665894255780614,2.9441183774372752,12.025280865082093,-8.021358540602465,0.9073590378594728,0.3295350726933203,2
"Deltona, FL",FL,324871.6947912648,320000.0,1074.6923076923076,249.3846153846154,362543.8461538461,-4.352027227410942,-2.4254742937354234,3.5346300330428053,-10.744039726989381,1.1076564845484553,0.23203136439202632,2
"Denver, CO",CO,568136.4987241739,549727.0,3225.3076923076924,479.9230769230769,622503.3846153846,-1.8991894988601519,0.7971937293864644,2.130441162378847,-13.907563268160306,1.078848970689009,0.15029263415826033,2
"Des Moines, IA",IA,287450.8431305647,271500.0,812.6923076923077,204.3846153846154,376771.3076923077,2.2488827660113397,4.147431541314365,6.227598194336308,-10.945184073454346,1.3908053214835048,0.253263577231555,1
"Detroit, MI",MI,257542.3692414806,246000.0,4964.923076923077,186.69230769230768,511301.5,3.62488626142307,5.977086288839758,-0.30963688997677635,-9.504662496348434,2.0377430292267245,0.038204693325764955,1
"Dothan, AL",AL,189114.26016756124,180000.0,139.23076923076923,21.692307692307693,285862.25,3.5833417190633123,0.9663866561631458,-6.259481875564625,15.729854691835802,1.622629070327553,0.1613900878473443,1
"Durham, NC",NC,405123.2299880338,390000.0,644.4615384615385,194.15384615384616,472051.3461538461,-0.19508799342768604,1.3448072360489751,5.213976306690914,-3.1170145394451105,1.1383409568043945,0.3085772601565765,0
"El Paso, TX",TX,226581.09994617736,249950.0,510.2307692307692,242.84615384615384,293399.6153846154,1.3215569796876256,1.780476707777394,4.588199580415433,7.960956339594391,1.202650015383988,0.4774479214440167,0
"Fayetteville, AR",AR,359379.8585699563,358000.0,614.2307692307693,310.61538461538464,382757.8076923077,3.445336988800897,3.241079726140204,4.09420779988129,-11.170070460302757,1.0617918481552167,0.5120641534677205,0
"Fayetteville, NC",NC,252653.7081974959,244250.0,571.1538461538462,337.84615384615387,349155.1923076923,0.8486232371858322,5.245907250443915,-12.727642046857211,15.260835326086388,1.383885305662449,0.6076666490224676,0
"Florence, SC",SC,185902.62946239137,213250.0,158.07692307692307,39.07692307692308,278971.53846153844,1.4625783158124785,8.558903916392449,-4.137882224067602,-11.841955457410355,1.3983648870543837,0.25674224822677716,1
"Fort Collins, CO",CO,547063.6381136961,540900.0,431.3076923076923,75.0,525077.7692307692,-0.5451208463029139,-0.23508909368618652,8.87486250362767,-10.239037033917091,0.9678860733301652,0.17566275336762133,2
"Fort Wayne, IN",IN,248510.338467342,225000.0,460.46153846153845,50.23076923076923,347497.92307692306,3.3434781716085604,2.3648168632010655,3.7647537836078606,-6.955102319383,1.4506928381553332,0.11157145808704085,1
"Gainesville, FL",FL,298496.3188818694,266250.0,312.2307692307692,64.3076923076923,341761.53846153844,-1.5324899615974898,2.4187061455578482,4.0156422104517935,-5.2128399592008,1.1731803911599064,0.20731897091322987,2
"Gainesville, GA",GA,385207.86270649947,405000.0,198.15384615384616,61.23076923076923,447027.73076923075,-0.3183682374759915,3.286302978827688,-7.1754558191522255,11.417029087590134,1.137515770572352,0.31439289882582666,0
"Goldsboro, NC",NC,180389.9371936201,191500.0,119.6923076923077,43.38461538461539,278642.76923076925,-2.7647190725607276,5.542767989168174,-3.789242803298329,17.59022147808155,1.248085196700769,0.3642778190124877,0
"Grand Rapids, MI",MI,342610.224461112,320000.0,1160.3846153846155,113.38461538461539,462346.57692307694,4.03335992055876,4.297934756250571,4.608144135703732,-1.6836412773573548,1.4150546214127218,0.0999411243922713,1
"Greeley, CO",CO,494500.1540175993,480000.0,365.53846153846155,134.76923076923077,526276.3076923077,-0.5764172721905043,2.03476922875032,5.8585508366631895,-18.316770313406746,1.0764514926512025,0.37218330693332174,2
"Greensboro, NC",NC,258732.59577601985,243000.0,836.0,138.23076923076923,346375.1923076923,1.067730566089022,5.883717669951237,-1.7331472311583873,-14.28101849201416,1.3845717040953656,0.16528883745185607,1
"Greenville, NC",NC,239800.58297403343,201000.0,174.30769230769232,59.38461538461539,320051.1153846154,1.3653080000257667,1.455618906286273,11.982546684736494,-5.3677788630738865,1.3736545980977108,0.3483424907822718,0
"Greenville, SC",SC,305525.4441665921,310000.0,1090.0,364.0,330475.3846153846,1.033870882600515,4.25780753937586,1.5647416969965375,7.160670029392171,1.065423852031366,0.332531611238294,0
"Gulfport, MS",MS,216722.8283248749,220000.0,395.38461538461536,98.0,301160.1923076923,0.9475901523517943,5.093589799507441,3.883958570552168,-7.960478975820212,1.3012940720602697,0.2547438342815061,1
"Hagerstown, MD",MD,314825.8272483154,293124.0,353.0,75.07692307692308,350558.3076923077,3.76177269469817,4.120759228852526,0.13441245768882645,-26.669666761126038,1.173229544823329,0.21326822586113536,1
"Harrisburg, PA",PA,300288.34005663026,265000.0,609.2307692307693,39.76923076923077,457507.96153846156,3.9606999764065582,6.64844602444316,2.4598164029098073,-26.59709797706501,1.7030230676317495,0.06715133641527343,1
"Heber, UT",UT,1127068.0731559808,1415266.0,184.23076923076923,57.15384615384615,1629520.6153846155,1.5203944708206392,12.502116612152069,1.3552059532406209,-4.974862205557621,1.3575383771909322,0.32919115633028034,1
"Hickory, NC",NC,260733.25673935295,250000.0,352.84615384615387,90.92307692307692,348701.03846153844,1.4880916437967058,4.227471052297147,1.8693197257599996,6.397242390338293,1.3216808448070458,0.25961278940916793,1
"Hilton Head Island, SC",SC,512901.30152734165,600000.0,510.15384615384613,105.84615384615384,501751.8846153846,0.007663546603391243,0.7646236712662878,3.6491841798600424,-11.498348068711543,0.9409159125875965,0.21035012886535845,2
"Homosassa Springs, FL",FL,268629.5738941953,265000.0,269.2307692307692,87.0,275543.46153846156,-3.3944759439117216,-0.8396434427520478,0.19099941157671743,32.62488306047232,1.028943282213951,0.3293451286782761,0
"Houston, TX",TX,304940.90954413055,316800.0,5197.7692307692305,2312.5384615384614,335270.26923076925,-1.3388071351198503,0.3857651691383643,1.559807761480354,4.005500979356689,1.0181121935950397,0.45080291722977167,0
"Huntsville, AL",AL,309815.85111570306,299950.0,608.0,254.3846153846154,323152.1538461539,-0.03741083545023816,2.993743969550117,9.389513869540378,-11.93722161124448,1.0753263827582733,0.42401091839597443,0
"Indianapolis, IN",IN,285735.75251024147,280000.0,2414.076923076923,374.2307692307692,389750.3461538461,2.1349075724331192,4.416674418655115,1.4715057411441481,-10.163308890837975,1.3888713083972197,0.15812715714312542,1
"Jackson, MS",MS,206604.68158328268,242000.0,387.38461538461536,61.23076923076923,361422.03846153844,3.3786006955360963,7.413845152435034,-0.9084071620799474,0.7294005131871575,1.4236785145792543,0.15935395276962974,1
"Jacksonville, FL",FL,346140.91886708996,321000.0,2021.5384615384614,668.6923076923077,371322.23076923075,-2.549987088014539,0.6566882687319565,-1.124880763843631,-21.79720476188377,1.085117576552016,0.32973785429024594,2
"Jacksonville, NC",NC,283898.0582503607,274000.0,316.0769230769231,95.46153846153847,344962.23076923075,2.891436834715992,5.86486784402558,-3.4978663195074877,7.8926884548098775,1.2512122560298855,0.3023963319418832,1
"Johnson City, TN",TN,270325.17224825604,275000.0,254.30769230769232,37.92307692307692,393836.73076923075,1.2079532485697315,10.986604735605559,-3.271347248828201,-2.053859116992989,1.402742031072529,0.15047643455718523,1
"Kansas City, MO",MO,315783.55687656667,315000.0,2358.4615384615386,284.6923076923077,491669.2076923077,2.6580854540084653,6.185607966822977,3.516935318337524,7.262101556806152,1.5314113432817633,0.12089641180826144,1
"Kennewick, WA",WA,432904.96695819753,410000.0,255.6153846153846,72.92307692307692,463577.07692307694,0.47705274426906014,1.4383155898818718,9.099686074816251,-5.8418791995511805,1.095779587738677,0.2873029167698023,2
"Killeen, TX",TX,249472.3858746875,236406.0,377.2307692307692,151.69230769230768,296980.73076923075,-1.9033826246810468,-0.39329422857461355,-1.6834628428694327,7.55735644400358,1.170646716782856,0.4025826849792156,0
"Knoxville, TN",TN,354644.9081001603,347500.0,1255.7692307692307,231.69230769230768,428473.5,1.6377145807434144,3.0797225704691225,9.834940684650634,-1.7513876799942794,1.2257423796576494,0.1852609709984945,2
"Lafayette, LA",LA,193749.1010856397,217000.0,349.0769230769231,105.0,259553.03846153847,-1.4566506393497949,5.618067732842842,4.997963903531077,-0.20948070025456425,1.2028947689746403,0.30661413659675857,0
"Lake Havasu City, AZ",AZ,344528.2940532801,358500.0,299.9230769230769,92.76923076923077,303406.1538461539,-0.5260692439525136,1.5173871381911466,1.648002351232143,1.7506331053886621,0.8654411771709518,0.30520690510224474,0
"Lakeland, FL",FL,297258.65152486577,287000.0,807.3846153846154,465.46153846153845,318435.0,-3.6457990429861744,-0.7932822539851384,-2.684546538487127,-19.738287016696844,1.0816935622183235,0.5804349140306434,0
"Las Cruces, NM",NM,283279.6985189235,281554.0,129.15384615384616,40.38461538461539,353412.53846153844,0.5217366540824506,3.5812773591461995,1.9979417805817512,-9.498310082381812,1.1870117249014376,0.31540213410404583,0
"Las Vegas, NV",NV,427889.0517436482,415000.0,2389.153846153846,423.9230769230769,508293.6153846154,1.2215733086658618,1.7120756276484017,-6.499143454201785,-39.08299872691386,1.1932648543632765,0.17855570371626145,2
"Lexington, KY",KY,316900.68094589264,310000.0,531.2307692307693,63.61538461538461,419555.03846153844,4.11060287236084,5.182060413720141,3.7798541478609815,0.4992717060566729,1.3395298114868852,0.12308698299501025,1
"Lincoln, NE",NE,292468.7885108627,278000.0,307.6923076923077,44.07692307692308,452889.6538461539,3.3713531367871874,3.2864452812825773,2.637370023002127,-8.164640016314493,1.644803855179195,0.14601189201452855,1
"Little Rock, AR",AR,225447.97553087692,235000.0,782.2307692307693,149.6153846153846,302167.53846153844,1.8830111437837476,4.9599172310155115,-1.6931970712275421,-1.277792579246519,1.3146057217877773,0.19158042093357514,1
"Los Angeles, CA",CA,953064.414891206,920000.0,6129.7692307692305,211.07692307692307,1235754.6153846155,0.981637177306655,2.454362470525742,0.5621979325368275,-12.342309324513858,1.3022606262963008,0.03482467705019752,1
"Louisville, KY",KY,272948.15990316443,255000.0,1404.076923076923,147.69230769230768,354120.76923076925,4.038400596521722,4.362916529518616,3.7816755992284743,-2.2040381162046097,1.3462870162098863,0.10671943728328653,1
"Lubbock, TX",TX,207052.57765153164,218000.0,327.38461538461536,111.07692307692308,260135.57692307694,-1.664049413177962,2.337709947050768,7.225639333766738,2.095438191367819,1.1449284273243268,0.34997475494748337,0
"Lynchburg, VA",VA,279263.53176999954,280000.0,291.38461538461536,45.84615384615385,349407.6923076923,2.074587297478403,12.661437589046304,-9.50759368547965,-12.306404293264219,1.2532932313253053,0.15980900271409945,1
"Madison, WI",WI,431948.34235065064,402500.0,547.8461538461538,92.46153846153847,505951.6538461539,3.7427960223792307,4.647629557749196,4.851220497824989,-2.388888715422763,1.245674494030538,0.1753742706393038,1
"McAllen, TX",TX,188909.9936034816,240000.0,255.84615384615384,110.76923076923077,269088.0,-0.43705566097600285,2.9943306072262468,-0.614828161907304,-5.173046336949308,1.1740482237963032,0.43114111208770384,0
"Memphis, TN",TN,240408.36857391047,230000.0,1417.3076923076924,150.07692307692307,376104.0,-0.19884367604048153,5.612850660680978,-1.7044882400696946,-17.197616278711475,1.5938739706592644,0.10536208387249577,1
"Merced, CA",CA,412901.4978907071,410000.0,154.15384615384616,34.07692307692308,465385.45454545453,-0.2831304083539522,3.2295017271478526,0.8148106342846881,-24.31273036395742,1.1262532691507507,0.22684616582308953,2
"Miami, FL",FL,469361.1799526993,475000.0,6855.076923076923,277.46153846153845,868497.8076923077,-2.7708878922446667,2.123494777763891,-3.6017816148828894,-21.921093189593112,1.832051333511563,0.040376125023172116,1
"Milwaukee, WI",WI,367641.8118256566,313500.0,1344.5384615384614,73.3076923076923,621561.7307692308,4.089568699734266,7.00884719937153,2.626449752219462,1.8220646055832395,1.9567311304369934,0.05551399001693755,1
"Minneapolis, MN",MN,379486.9177788557,350000.0,3749.0,482.7692307692308,509205.03846153844,1.8712046575757124,3.363783742136716,3.9060719974607805,-14.937650970785846,1.3886703702301888,0.13347544258334157,1
"Mobile, AL",AL,189889.39959114153,197500.0,435.15384615384613,42.84615384615385,306523.07692307694,0.010482854857769733,7.340577841491964,-2.3944923697998295,-0.674242752892604,1.467094709621954,0.09864482027104673,1
"Montgomery, AL",AL,206425.22743346496,187000.0,416.38461538461536,75.0,348894.8846153846,2.0839557931685246,10.793119423429719,-1.8765919384432523,14.166303948527336,1.6670094647417508,0.18064964115360158,1
"Myrtle Beach, SC",SC,334036.7206571531,322000.0,1389.923076923077,824.7692307692307,349772.0,-2.2121651439944636,1.7476774401941457,3.20119122098564,-19.95512139087895,1.1011825387475753,0.5959893325105391,0
"Naples, FL",FL,554928.3098474405,610000.0,876.9230769230769,78.61538461538461,593233.9230769231,-6.783221504272243,-2.6735340674611985,8.7085605194816,-17.91508796711071,1.0318524484621647,0.08941071941489674,2
"Nashville, TN",TN,447700.10811295226,425000.0,2476.5384615384614,995.6923076923077,482830.23076923075,0.3559602312574077,2.2110955966856176,3.156689726929584,-15.93711097463811,1.0976148952028784,0.4033223611887623,0
"New Bern, NC",NC,254228.72979796355,264000.0,159.92307692307693,40.38461538461539,342574.3846153846,2.5063003736284517,-1.1036215837711398,0.28822985803412043,6.557531937750479,1.250758858303018,0.25609715226255214,0
"New Orleans, LA",LA,253685.36998617207,262500.0,1044.5384615384614,91.23076923076923,311501.6538461539,-0.9081812130602227,3.5740648422879717,5.918733841586022,-12.718426716989514,1.169082114032395,0.08805671074434217,2
"New York, NY",NY,703346.4790155417,665000.0,12265.307692307691,410.46153846153845,934599.5384615385,4.3064877072061964,6.4601099904421195,0.8003690341955275,-12.641790594314207,1.4269904778109224,0.03377601321183467,1
"North Port, FL",FL,401648.85137854633,410000.0,1563.1538461538462,548.7692307692307,426459.1538461539,-8.051571903499871,-6.033865885322873,7.45379431243706,-11.729943414373281,1.054925649247201,0.35274515464517414,2
"Ocala, FL",FL,272345.1010152314,256500.0,531.9230769230769,322.3076923076923,290501.8461538461,-2.6072029514233908,-0.40884744811384793,-3.696649840164057,-9.626100016545202,1.1182117985742737,0.6042655029718823,0
"Ogden, UT",UT,509329.1192219203,475000.0,683.8461538461538,89.23076923076923,561150.3461538461,2.517142416839506,1.767955164118655,3.248968982703664,-21.64758419833715,1.1755737282352403,0.13369709346009712,2
"Oklahoma City, OK",OK,240247.27906775495,240000.0,1646.923076923077,318.84615384615387,321316.07692307694,1.3488805759218214,4.665607836648422,-0.46485763969462607,-5.791972719795366,1.316772696013401,0.19440816413762316,1
"Omaha, NE",NE,298618.06860867987,287900.0,933.0769230769231,167.46153846153845,419510.92307692306,1.8194690656526271,3.2767254377356383,5.680287021431287,-2.0557957884899953,1.4633251344277665,0.18250533865123442,1
"Orlando, FL",FL,383845.7251450729,375000.0,2611.4615384615386,708.0,435771.1538461539,-2.9924650378749607,0.6262515068560528,-2.969046512022439,-10.431920213547254,1.127140936485005,0.27195184054854316,2
"Palm Bay, FL",FL,337726.55651246785,336500.0,891.2307692307693,205.6153846153846,372103.57692307694,-3.6998687471670926,0.39157629959285256,3.004159899114676,-20.712692484356012,1.107133246397344,0.23093874380849683,2
"Panama City, FL",FL,336048.36193591804,343900.0,350.9230769230769,100.53846153846153,361633.23076923075,-3.856230578699791,-1.3878366552962578,4.9242836460643105,-2.5157884858720925,1.0365452292992283,0.284786923948446,2
"Pensacola, FL",FL,303009.87447579607,299000.0,652.8461538461538,206.30769230769232,329080.96153846156,-1.9481906530213935,1.5137895875801977,2.6671953913746425,-12.514409413015953,1.077587842285106,0.3170617415631512,2
"Philadelphia, PA",PA,375224.4212695662,345000.0,6127.923076923077,287.6923076923077,594367.0,3.4328112676054863,5.459133401716975,2.9300755004659704,-21.14133997653677,1.694008732103349,0.04794783847534148,1
"Phoenix, AZ",AZ,445712.9804305597,445000.0,5423.153846153846,1333.5384615384614,464903.3076923077,-2.6153929229342925,0.9101903228908641,3.6583989979106946,-7.825873307920775,1.029914646200837,0.2442699111615763,2
"Pittsburgh, PA",PA,220919.82440141565,222000.0,2442.3846153846152,79.23076923076923,435815.8846153846,1.7177139616528199,7.265164211728844,1.144655424066681,-23.850372326422146,1.9530671378735365,0.032869670981070194,1
"Port St. Lucie, FL",FL,378401.773949998,355000.0,795.4615384615385,220.69230769230768,436437.8846153846,-4.056069787645357,-1.2938190199494561,0.6075165744823615,-21.045684718987545,1.1658630807942232,0.27856023897177234,2
"Portland, ME",ME,516904.7732871999,494750.0,566.2307692307693,67.84615384615384,612915.7411538461,1.0928393057585477,3.649465227805165,5.022194394374136,-3.169149655685084,1.208111563056941,0.12684641154493073,1
"Portland, OR",OR,541968.1120334839,509000.0,2157.923076923077,410.0,576787.7692307692,-0.13552690737609596,1.04704994384908,4.669480113710033,-7.227271806420717,1.0690967915836873,0.1947410684439128,2
"Providence, RI",RI,502211.4373441495,480000.0,1141.3076923076924,75.46153846153847,653218.6153846154,4.109648887631606,5.32358583745092,4.4110463255369385,-6.687049166049211,1.402097584737812,0.06790261915917882,1
"Provo, UT",UT,538771.2319918148,499900.0,602.1538461538462,331.2307692307692,490138.6153846154,2.0381828150905528,1.444845517251133,-0.7286789134364526,5.842362398468386,0.9497017302782269,0.5576595492480212,0
"Punta Gorda, FL",FL,295061.5801677468,295000.0,479.61538461538464,197.46153846153845,334955.76923076925,-11.10919453902555,-7.711806145257679,9.5855620810258,-7.33283654094918,1.123215646474694,0.41361554919017585,2
"Raleigh, NC",NC,432018.8660696915,409250.0,1415.076923076923,926.0769230769231,419800.53846153844,-1.414625255673872,1.2812975253437497,3.5330337728279657,-4.738241287712398,0.9623643358249854,0.6577524653942284,0
"Reno, NV",NV,557039.9548963344,525000.0,497.0,85.23076923076923,559419.0384615385,1.576589179513382,0.516413254326068,5.353896587658406,-23.64015815871867,1.0257157598556301,0.1741080481215765,2
"Richmond, VA",VA,383097.2474551741,362250.0,1405.0,267.6923076923077,465375.8461538461,2.1799564218980927,3.907353944698865,3.105903641947197,-14.903102201776306,1.257607902015477,0.1937121839423463,1
"Riverside, CA",CA,579554.6733857755,555000.0,3516.769230769231,470.0769230769231,611544.7692307692,-0.5202870661044352,1.2002084097165164,1.8646909603847996,-24.596282802807984,1.07928383582026,0.13385915299266798,2
"Sacramento, CA",CA,572820.2648606049,540000.0,1858.6153846153845,365.7692307692308,657211.5384615385,-0.8459441332152202,0.5889525008018315,0.9763090285083618,-25.90602362566289,1.1713482460040745,0.20111600846828898,2
"Salisbury, MD",DE,416001.9301416958,409000.0,710.0,152.23076923076923,477159.8461538461,-0.02863904381957571,4.42430175151655,1.2884590509939284,-25.645071357044095,1.1698571839992866,0.2159042635608226,2
"Salt Lake City, UT",UT,558310.2921515848,525530.0,1192.923076923077,163.53846153846155,552916.0769230769,2.0143487332443875,2.214923564692419,2.976020307244347,-14.547313208751287,1.0310120043711741,0.13754604440234447,2
"San Antonio, TX",TX,276015.24981795234,291500.0,1715.6923076923076,1082.5384615384614,303860.23076923075,-2.760687808950937,0.8506507778702143,0.07453454161750256,-8.683880940261307,0.9891327886097014,0.6388272710024595,0
"San Diego, CA",CA,927441.5029340974,875000.0,2061.153846153846,57.61538461538461,1166815.423076923,-0.6676016624856934,0.8400229577031221,-1.5389661209133816,-16.332954553778315,1.320676180360807,0.028081519325971756,2
"San Francisco, CA",CA,1114248.49292764,945000.0,2792.076923076923,100.61538461538461,1176033.7307692308,-1.4205938865177445,-0.6637393974069603,2.2168397909374935,-35.345194580099985,1.0846937984523572,0.03646295563093134,2
"San Jose, CA",CA,1608764.154067424,1377000.0,996.1538461538462,64.23076923076923,1553349.8076923077,1.6315773968765133,1.661775559997284,-4.972159116555672,-23.649202672813693,1.0116643229135738,0.06887545965235958,2
"Savannah, GA",GA,345268.92010931903,348950.0,489.3076923076923,141.3846153846154,378947.3461538461,-0.07793045141561897,2.934894806395936,-4.978308587735395,-17.849945910252305,1.0727360171351554,0.28879354854220807,2
"Seattle, WA",WA,740555.0756304413,635000.0,3462.923076923077,550.8461538461538,846453.8461538461,0.9664969687133117,0.7085841553776289,1.0098242810951463,-12.70833655246017,1.2101906635937014,0.1651486370380413,2
"Sebastian, FL",FL,361074.6633541563,365000.0,305.38461538461536,50.0,396067.5,-4.735129132828645,-2.739095649815386,4.051149140562365,13.640442999144367,1.0976050302371476,0.1642493036689799,2
"Sherman, TX",TX,286880.0298779767,255121.0,133.6153846153846,74.3076923076923,353978.6923076923,-1.8461602933629597,-1.983946039699221,-5.89628955105607,20.80571748234447,1.3000795758417731,0.5561733728676562,0
"Shreveport, LA",LA,172925.53608872098,209250.0,366.46153846153845,42.15384615384615,288928.6923076923,0.056185803668157716,4.327268734265278,0.34788207701645757,6.271828756301813,1.4358521902862675,0.11405594027473995,1
"Sioux Falls, SD",SD,331255.32635214186,316950.0,273.3076923076923,51.53846153846154,382332.6538461539,2.1931085383058475,2.7819573650630565,-0.6977241536770568,-6.47225829019321,1.2061076983582613,0.19039079899255282,1
"Spartanburg, SC",SC,273126.89041802863,254453.0,389.0769230769231,364.2307692307692,291319.8461538461,2.0300493957898005,3.8589088684456474,9.775011132059234,8.325773982225867,1.1285514442910427,0.9293678498709549,0
"Spokane, WA",WA,410748.4257590217,385000.0,587.2307692307693,87.38461538461539,474043.26923076925,0.5889944500979024,1.228540751580843,5.668206760745084,-8.338294144828371,1.1905169525897494,0.1508551270173016,2
"Springfield, MO",MO,263553.8104045388,256769.0,498.38461538461536,72.46153846153847,335197.1153846154,1.8461840656988149,4.204195894917594,3.048794288929637,-9.01240902527994,1.2838326712161034,0.14751331714720395,1
"St. George, UT",UT,526970.8102273786,495500.0,295.6923076923077,110.0,557669.1238461538,0.49391861606652093,2.222175418869374,7.722849895856753,-1.4499812340728355,1.0754508407674808,0.37506103512199424,0
"St. Louis, MO",MO,264796.14355133846,244000.0,3322.076923076923,150.15384615384616,417952.46153846156,2.7672464964708685,8.07612791676121,1.286520785530138,-21.144597355761412,1.6425677227842377,0.045972123351013354,1
"Stockton, CA",CA,527986.32179546,495000.0,471.0769230769231,126.61538461538461,677973.6923076923,-1.599028400401996,-1.266800074770503,0.6534687233217068,-6.357292282680517,1.3606166371814525,0.2688637642412969,2
"Tallahassee, FL",FL,275628.12512217805,255000.0,352.53846153846155,63.84615384615385,373689.3461538461,-0.8522541520300408,1.9760518583522777,4.700481301785792,-14.678665076627897,1.3857124497191817,0.18365080555007132,2
"Tampa, FL",FL,354578.724415733,345000.0,4242.923076923077,721.5384615384615,402743.46153846156,-4.88812453169551,-2.339434241588584,3.4162027956558765,-23.70547246028563,1.1432957460115507,0.17094576267038716,2
"Tucson, AZ",AZ,339428.23997864156,341000.0,1128.8461538461538,194.84615384615384,391127.23076923075,-2.1096901558241976,-0.47452930447765207,2.3656817450810816,-10.022385437890202,1.1505329052461395,0.1727319506102284,2
"Tullahoma, TN",TN,308610.9890231745,266250.0,146.3846153846154,34.30769230769231,365309.46153846156,3.0911389535605633,-0.4294405432827469,0.4169890017941022,-8.235593377558835,1.289397442546483,0.23886296185218292,2
"Tulsa, OK",OK,245148.79513658813,250250.0,1149.3846153846155,138.15384615384616,350969.23076923075,2.631109089731327,5.669736773147496,2.5789446386082227,-1.79688432632857,1.3953174234203694,0.11994834184429044,1
"Tuscaloosa, AL",AL,216987.66808942697,244000.0,309.0,50.07692307692308,307844.8461538461,0.328685796584339,-0.7228493533864071,28.571269286453983,14.28233727833495,1.2495567433179746,0.16212247724189202,2
"Urban Honolulu, HI",HI,841727.1260555042,720000.0,663.0,32.0,868194.3461538461,-0.8657277684353162,-0.4544920008788292,-0.591350911368748,68.33742648195224,1.2568687735580206,0.04989255010472469,0
"Virginia Beach, VA",VA,362357.6459303359,337000.0,2203.230769230769,213.07692307692307,495306.5,2.5322462404011197,4.100579145179437,2.629509533354751,-9.88065483612818,1.4589658411410933,0.0978259515527205,1
"Waco, TX",TX,248480.30298208015,282500.0,219.92307692307693,34.30769230769231,330074.3076923077,-1.1889825349875176,0.2766167384283481,4.8334671696387685,-18.228459897147197,1.2009240467910665,0.15909537844311245,2
"Warner Robins, GA",GA,247695.42247046487,257250.0,192.84615384615384,77.0,323746.3076923077,3.1035751703030034,5.740197469930886,-6.992332889519859,-10.487360931378088,1.3333752745844345,0.40605195229783,1
"Washington, DC",VA,572589.8767690909,525000.0,5717.923076923077,625.2307692307693,625149.0384615385,1.832434122012126,4.134444929872101,-0.307564430133571,-24.509635220809166,1.1354559084704188,0.11211992085808414,1
"Wichita, KS",KS,214794.40233526987,234193.0,683.4615384615385,59.76923076923077,351367.73076923075,2.0959029628988834,5.958233561201336,10.755311888569775,-8.867614372104347,1.481514517427987,0.08689742126479565,1
"Wilmington, NC",NC,434368.4359247336,445000.0,444.7692307692308,102.3076923076923,486475.3846153846,0.2868770483509232,5.450341782719656,4.925285677200646,-11.400805082530395,1.098119334877717,0.23120077299225078,2
"Winston, NC",NC,273963.25775529025,257500.0,762.6153846153846,182.46153846153845,355863.76923076925,1.59790613495405,5.963009753118793,-0.7077131550877874,-7.6667331333310935,1.3606885375573468,0.24159490772872677,1
"Worcester, MA",MA,462131.83477186254,427500.0,816.3846153846154,55.53846153846154,608460.2692307692,3.2633331146262154,4.735089095116416,4.924645756173162,-16.566662641539047,1.3906580718464998,0.07088495636549172,1
"York, PA",PA,298478.8705748235,265000.0,532.0769230769231,51.0,425982.2923076923,4.869825349591502,6.089112156785168,3.009665161716887,-23.35836481679107,1.6093108892317138,0.09847074579628723,1
"Yuma, AZ",AZ,280667.57762202556,273000.0,172.6153846153846,41.23076923076923,330458.3461538461,2.183829861785744,-1.0515202429800452,9.80505214373894,-37.750766842923,1.1705163588109,0.241608613579719,2
